game_id,season,week,start_date,home_team,away_team,neutral_site,vegas_spread,vegas_total,ml_home,ml_away,home_points,away_points
401906516,2026,2,2026-09-10 23:00:00+00:00,Northwestern (OK),Arkansas Tech,False,,,,,29.0,34.0
401907622,2026,2,2026-09-10 23:00:00+00:00,West Virginia Wesleyan,Shippensburg,False,,,,,14.0,24.0
401909126,2026,2,2026-09-10 23:00:00+00:00,Denison,Oberlin,False,,,,,50.0,0.0
401906527,2026,2,2026-09-11 00:00:00+00:00,East Central,Arkansas Monticello,False,,,,,42.0,37.0
401906546,2026,2,2026-09-11 00:00:00+00:00,Southwestern Oklahoma State,Harding,False,,,,,14.0,37.0
401858213,2026,2,2026-09-11 00:00:00+00:00,Miami,Florida A&M,False,-59.5,65.0,,,77.0,7.0
401858222,2026,2,2026-09-11 23:00:00+00:00,NC State,Richmond,False,-33.5,50.5,-6500.0,2000.0,73.0,0.0
401858215,2026,2,2026-09-11 23:00:00+00:00,Louisville,Villanova,False,-38.5,57.0,,,59.0,13.0
401908202,2026,2,2026-09-11 23:00:00+00:00,King's,Stevenson,False,,,,,21.0,26.0
401906200,2026,2,2026-09-11 23:00:00+00:00,North Greenville,Charleston (WV),False,,,,,42.0,31.0
401858220,2026,2,2026-09-11 23:00:00+00:00,Virginia,Norfolk State,False,-47.5,56.5,,,59.0,3.0
401908691,2026,2,2026-09-11 23:00:00+00:00,St. Lawrence,St. John Fisher,False,,,,,10.0,30.0
401858214,2026,2,2026-09-11 23:30:00+00:00,Boston College,Rutgers,False,-3.0,53.5,-148.0,124.0,28.0,21.0
401856678,2026,2,2026-09-12 00:00:00+00:00,Kansas,Missouri,False,4.0,51.5,160.0,-192.0,21.0,38.0
401906159,2026,2,2026-09-12 15:00:00+00:00,Winston-Salem State,Johnson C. Smith,False,,,,,6.0,31.0
401906153,2026,2,2026-09-12 15:00:00+00:00,Fayetteville State,Valdosta State,False,,,,,9.0,38.0
401906167,2026,2,2026-09-12 15:00:00+00:00,Shaw,Ferrum,False,,,,,34.0,28.0
401858442,2026,2,2026-09-12 16:00:00+00:00,Temple,Penn State,False,24.5,50.5,1300.0,-2800.0,9.0,27.0
401856683,2026,2,2026-09-12 16:00:00+00:00,Texas A&M,Arizona State,False,-14.5,51.5,-750.0,525.0,48.0,20.0
401908703,2026,2,2026-09-12 16:00:00+00:00,Bridgewater,Susquehanna,False,,,,,14.0,41.0
401908531,2026,2,2026-09-12 16:00:00+00:00,WPI,New England,False,,,,,22.0,21.0
401866632,2026,2,2026-09-12 16:00:00+00:00,Long Island University,UAlbany,False,2.5,44.5,116.0,-145.0,13.0,35.0
401866633,2026,2,2026-09-12 16:00:00+00:00,North Carolina Central,North Carolina A&T,False,-24.5,55.5,-2800.0,1040.0,30.0,22.0
401908787,2026,2,2026-09-12 16:00:00+00:00,Hampden Sydney,Monmouth (IL),False,,,,,31.0,19.0
401907656,2026,2,2026-09-12 16:00:00+00:00,Catholic,Carnegie Mellon,False,,,,,35.0,38.0
401868187,2026,2,2026-09-12 16:00:00+00:00,Liberty,Gardner-Webb,False,-28.5,55.5,,,24.0,23.0
401908579,2026,2,2026-09-12 16:00:00+00:00,Westfield State,Bridgewater State,False,,,,,28.0,34.0
401908569,2026,2,2026-09-12 16:00:00+00:00,Fitchburg State,UMass Dartmouth,False,,,,,22.0,56.0
401908019,2026,2,2026-09-12 16:00:00+00:00,Alma,Wisconsin Oshkosh,False,,,,,21.0,23.0
401858218,2026,2,2026-09-12 16:00:00+00:00,North Carolina,East Tennessee State,False,-35.5,54.5,-100000.0,5000.0,35.0,3.0
401866628,2026,2,2026-09-12 16:00:00+00:00,Rhode Island,Elon,False,-8.5,48.5,-288.0,221.0,31.0,10.0
401858224,2026,2,2026-09-12 16:00:00+00:00,Purdue,Wake Forest,False,3.0,51.5,124.0,-148.0,36.0,38.0
401862702,2026,2,2026-09-12 16:00:00+00:00,Army,South Florida,False,-3.0,45.5,-166.0,140.0,24.0,28.0
401856679,2026,2,2026-09-12 16:00:00+00:00,Michigan,Oklahoma,False,5.5,43.5,170.0,-205.0,17.0,10.0
401907559,2026,2,2026-09-12 16:00:00+00:00,Pace,Monroe,False,,,,,59.0,3.0
401908207,2026,2,2026-09-12 16:00:00+00:00,Anderson (IN),Gallaudet,False,,,,,49.0,28.0
401856782,2026,2,2026-09-12 16:00:00+00:00,Oklahoma State,Oregon,False,23.5,54.5,1100.0,-2100.0,39.0,31.0
401907485,2026,2,2026-09-12 16:00:00+00:00,Frostburg State,Assumption,False,,,,,24.0,19.0
401856781,2026,2,2026-09-12 16:00:00+00:00,Kansas State,Washington State,False,-17.5,48.5,-1050.0,675.0,34.0,7.0
401908699,2026,2,2026-09-12 16:00:00+00:00,Moravian,Rowan,False,,,,,0.0,34.0
401858221,2026,2,2026-09-12 16:00:00+00:00,Virginia Tech,Old Dominion,False,-17.5,47.5,-1000.0,650.0,44.0,21.0
401864571,2026,2,2026-09-12 16:00:00+00:00,East Carolina,App State,False,-6.5,55.5,-250.0,205.0,24.0,27.0
401906861,2026,2,2026-09-12 16:00:00+00:00,Findlay,Fairmont State,False,,,,,37.0,17.0
401908163,2026,2,2026-09-12 16:00:00+00:00,FDU Florham,Albright,False,,,,,17.0,30.0
401907014,2026,2,2026-09-12 16:00:00+00:00,Davenport,Indianapolis,False,,,,,19.0,12.0
401906845,2026,2,2026-09-12 16:00:00+00:00,Hillsdale,Wayne State (MI),False,,,,,49.0,0.0
401907553,2026,2,2026-09-12 16:00:00+00:00,Shepherd,Gannon,False,,,,,45.0,28.0
401907527,2026,2,2026-09-12 16:00:00+00:00,Kutztown,Clarion,False,,,,,45.0,14.0
401906676,2026,2,2026-09-12 16:00:00+00:00,Northwood,Saginaw Valley State,False,,,,,35.0,28.0
401907517,2026,2,2026-09-12 16:00:00+00:00,Millersville,California (PA),False,,,,,17.0,40.0
401908586,2026,2,2026-09-12 16:00:00+00:00,Mass Maritime,Dean,False,,,,,70.0,0.0
401908925,2026,2,2026-09-12 16:00:00+00:00,Norwich,Vermont State Castleton,False,,,,,17.0,10.0
401908092,2026,2,2026-09-12 16:00:00+00:00,Rensselaer,Utica,False,,,,,14.0,38.0
401908577,2026,2,2026-09-12 16:00:00+00:00,Husson,Springfield,False,,,,,0.0,48.0
401908476,2026,2,2026-09-12 16:00:00+00:00,Curry,Coast Guard,False,,,,,41.0,35.0
401908558,2026,2,2026-09-12 16:00:00+00:00,MIT,New England College,False,,,,,70.0,0.0
401907967,2026,2,2026-09-12 16:00:00+00:00,Hartwick,Buffalo State,False,,,,,47.0,13.0
401907880,2026,2,2026-09-12 16:00:00+00:00,Union,SUNY Cortland,False,,,,,0.0,26.0
401907746,2026,2,2026-09-12 16:00:00+00:00,Rochester (NY),SUNY Morrisville,False,,,,,21.0,10.0
401908538,2026,2,2026-09-12 16:00:00+00:00,Merchant Marine,Nichols,False,,,,,63.0,14.0
401908365,2026,2,2026-09-12 16:00:00+00:00,Muhlenberg,Endicott,False,,,,,21.0,49.0
401908368,2026,2,2026-09-12 16:00:00+00:00,Waynesburg,Ursinus,False,,,,,10.0,46.0
401908354,2026,2,2026-09-12 16:00:00+00:00,Randolph Macon,Johns Hopkins,False,,,,,28.0,21.0
401866416,2026,2,2026-09-12 16:00:00+00:00,Kent State,Wofford,False,-11.0,47.0,,,36.0,15.0
401868227,2026,2,2026-09-12 16:00:00+00:00,Dayton,Thomas More,False,,,,,30.0,7.0
401907851,2026,2,2026-09-12 16:00:00+00:00,Albion,Wheaton (IL),False,,,,,3.0,45.0
401870822,2026,2,2026-09-12 16:00:00+00:00,Davidson,Dickinson,False,,,,,28.0,14.0
401867929,2026,2,2026-09-12 16:00:00+00:00,James Madison,Wagner,False,-46.5,57.0,,,87.0,3.0
401858439,2026,2,2026-09-12 16:00:00+00:00,Indiana,Howard,False,-57.5,66.5,,,55.0,0.0
401868028,2026,2,2026-09-12 16:30:00+00:00,Lafayette,Marist,False,-15.5,47.5,-820.0,517.0,13.0,9.0
401856673,2026,2,2026-09-12 16:45:00+00:00,Georgia,Western Kentucky,False,-40.5,55.5,,,70.0,20.0
401908377,2026,2,2026-09-12 17:00:00+00:00,Brevard,Sewanee,False,,,,,39.0,14.0
401907978,2026,2,2026-09-12 17:00:00+00:00,Hope,Wisconsin Stevens Point,False,,,,,38.0,10.0
401906147,2026,2,2026-09-12 17:00:00+00:00,Chowan,Virginia Union,False,,,,,19.0,34.0
401908651,2026,2,2026-09-12 17:00:00+00:00,Thiel,Adrian,False,,,,,7.0,48.0
401908610,2026,2,2026-09-12 17:00:00+00:00,Western Connecticut State,Christopher Newport,False,,,,,7.0,37.0
401906950,2026,2,2026-09-12 17:00:00+00:00,Morehouse,Central State,False,,,,,21.0,49.0
401907625,2026,2,2026-09-12 17:00:00+00:00,Lackawanna,Seton Hill,False,,,,,10.0,20.0
401866417,2026,2,2026-09-12 17:00:00+00:00,Miami (OH),Holy Cross,False,-30.5,47.5,-6500.0,2000.0,45.0,7.0
401908360,2026,2,2026-09-12 17:00:00+00:00,Salisbury,McDaniel,False,,,,,31.0,0.0
401906590,2026,2,2026-09-12 17:00:00+00:00,Truman State,Northeastern State,False,,,,,24.0,31.0
401866415,2026,2,2026-09-12 17:00:00+00:00,Central Michigan,Colgate,False,-18.5,49.5,-1600.0,900.0,13.0,10.0
401908102,2026,2,2026-09-12 17:00:00+00:00,Maryville (TN),Hanover,False,,,,,26.0,43.0
401907413,2026,2,2026-09-12 17:00:00+00:00,Carson Newman,Wingate,False,,,,,24.0,23.0
401867685,2026,2,2026-09-12 17:00:00+00:00,Chicago State,Kentucky Christian,False,,,,,78.0,7.0
401908339,2026,2,2026-09-12 17:00:00+00:00,Westminster (PA),Franklin & Marshall,False,,,,,8.0,45.0
401907872,2026,2,2026-09-12 17:00:00+00:00,Hobart,Brockport,False,,,,,27.0,14.0
401906611,2026,2,2026-09-12 17:00:00+00:00,Washington & Jefferson,Keystone,False,,,,,42.0,0.0
401908676,2026,2,2026-09-12 17:00:00+00:00,Ohio Wesleyan,John Carroll,False,,,,,7.0,44.0
401856791,2026,2,2026-09-12 17:00:00+00:00,West Virginia,UT Martin,False,-41.5,57.5,,,52.0,7.0
401909137,2026,2,2026-09-12 17:00:00+00:00,Kenyon,Wooster,False,,,,,19.0,26.0
401908966,2026,2,2026-09-12 17:00:00+00:00,Wabash,Wittenberg,False,,,,,31.0,0.0
401908518,2026,2,2026-09-12 17:00:00+00:00,Western New England,Salve Regina,False,,,,,21.0,24.0
401907759,2026,2,2026-09-12 17:00:00+00:00,Lawrence,Buena Vista,False,,,,,14.0,26.0
401907404,2026,2,2026-09-12 17:00:00+00:00,Mars Hill,Catawba,False,,,,,22.0,16.0
401908645,2026,2,2026-09-12 17:00:00+00:00,Lycoming,Montclair State,False,,,,,28.0,30.0
401908712,2026,2,2026-09-12 17:00:00+00:00,Wilkes,The College of New Jersey,False,,,,,28.0,8.0
401907578,2026,2,2026-09-12 17:00:00+00:00,Post,West Liberty,False,,,,,14.0,35.0
401908739,2026,2,2026-09-12 17:00:00+00:00,Calvin,St. Norbert,False,,,,,49.0,7.0
401908172,2026,2,2026-09-12 17:00:00+00:00,Widener,Alvernia,False,,,,,14.0,10.0
401873229,2026,2,2026-09-12 17:00:00+00:00,Puget Sound,Lewis-Clark Valley College,False,,,,,,
401908638,2026,2,2026-09-12 17:00:00+00:00,Allegheny,Juniata,False,,,,,27.0,0.0
401908190,2026,2,2026-09-12 17:00:00+00:00,Eastern,Misericordia,False,,,,,27.0,21.0
401908182,2026,2,2026-09-12 17:00:00+00:00,Lebanon Valley,Delaware Valley,False,,,,,17.0,18.0
401873404,2026,2,2026-09-12 17:00:00+00:00,Kean,SUNY Maritime,False,,,,,51.0,17.0
401907848,2026,2,2026-09-12 17:00:00+00:00,Olivet,North Park,False,,,,,43.0,41.0
401906598,2026,2,2026-09-12 17:00:00+00:00,West Alabama,Pittsburg State,False,,,,,24.0,23.0
401908077,2026,2,2026-09-12 17:00:00+00:00,North Carolina Wesleyan,Apprentice School,False,,,,,42.0,0.0
401907704,2026,2,2026-09-12 17:00:00+00:00,Concordia St. Paul,University of Mary,False,,,,,10.0,13.0
401908273,2026,2,2026-09-12 17:00:00+00:00,Kalamazoo,Rose Hulman,False,,,,,7.0,27.0
401908258,2026,2,2026-09-12 17:00:00+00:00,Hiram,Manchester,False,,,,,20.0,11.0
401907421,2026,2,2026-09-12 17:00:00+00:00,Emory & Henry,Tusculum,False,,,,,26.0,28.0
401906194,2026,2,2026-09-12 17:00:00+00:00,Shorter,UNC Pembroke,False,,,,,24.0,31.0
401908836,2026,2,2026-09-12 17:30:00+00:00,Mount Union,Grove City,False,,,,,21.0,17.0
401908663,2026,2,2026-09-12 17:30:00+00:00,Capital,Wilmington (OH),False,,,,,44.0,19.0
401867990,2026,2,2026-09-12 17:30:00+00:00,VMI,Bucknell,False,8.5,47.5,248.0,-327.0,3.0,14.0
401908492,2026,2,2026-09-12 17:30:00+00:00,Baldwin Wallace,Bethany (WV),False,,,,,84.0,26.0
401906169,2026,2,2026-09-12 18:00:00+00:00,Barton,BLUEFIELD,False,,,,,36.0,21.0
401907728,2026,2,2026-09-12 18:00:00+00:00,Wayne State (NE),Minnesota Duluth,False,,,,,13.0,20.0
401907685,2026,2,2026-09-12 18:00:00+00:00,Augustana (SD),Minot State,False,,,,,38.0,33.0
401907678,2026,2,2026-09-12 18:00:00+00:00,Sioux Falls,Minnesota St Moorhead,False,,,,,29.0,28.0
401907274,2026,2,2026-09-12 18:00:00+00:00,UVA Wise,Anderson (SC),False,,,,,21.0,39.0
401868033,2026,2,2026-09-12 18:00:00+00:00,Lehigh,William & Mary,False,-13.5,47.5,-449.0,325.0,44.0,20.0
401907839,2026,2,2026-09-12 18:00:00+00:00,Millikin,Luther,False,,,,,37.0,14.0
401907692,2026,2,2026-09-12 18:00:00+00:00,Winona State,Jamestown,False,,,,,28.0,0.0
401907494,2026,2,2026-09-12 18:00:00+00:00,Bloomsburg,Edinboro,False,,,,,6.0,9.0
401908500,2026,2,2026-09-12 18:00:00+00:00,Greenville,Lakeland,False,,,,,20.0,41.0
401908009,2026,2,2026-09-12 18:00:00+00:00,Wisconsin Platteville,Dubuque,False,,,,,59.0,0.0
401908040,2026,2,2026-09-12 18:00:00+00:00,Wisconsin La Crosse,Hardin Simmons,False,,,,,20.0,28.0
401907780,2026,2,2026-09-12 18:00:00+00:00,Wisconsin Stout,Augustana (IL),False,,,,,37.0,34.0
401873394,2026,2,2026-09-12 18:00:00+00:00,Rockford,Elmhurst,False,,,,,14.0,28.0
401907844,2026,2,2026-09-12 18:00:00+00:00,Wartburg,North Central College,False,,,,,20.0,26.0
401908724,2026,2,2026-09-12 18:00:00+00:00,Cornell (IA),Beloit,False,,,,,10.0,0.0
401908772,2026,2,2026-09-12 18:00:00+00:00,Concordia Chicago,Grinnell,False,,,,,42.0,7.0
401908782,2026,2,2026-09-12 18:00:00+00:00,Knox,Lake Forest,False,,,,,12.0,68.0
401867895,2026,2,2026-09-12 18:00:00+00:00,Youngstown State,Duquesne,False,-22.5,54.5,-2500.0,980.0,70.0,13.0
401907833,2026,2,2026-09-12 18:00:00+00:00,Illinois Wesleyan,Trine,False,,,,,45.0,35.0
401908401,2026,2,2026-09-12 18:00:00+00:00,Austin,Rhodes,False,,,,,23.0,17.0
401908305,2026,2,2026-09-12 18:00:00+00:00,Roanoke College,Greensboro,False,,,,,28.0,14.0
401908299,2026,2,2026-09-12 18:00:00+00:00,Hendrix,Huntingdon,False,,,,,20.0,26.0
401908515,2026,2,2026-09-12 18:00:00+00:00,Mayville State,Minnesota Morris,False,,,,,39.0,13.0
401907790,2026,2,2026-09-12 18:00:00+00:00,Carroll (WI),Wisconsin Eau Claire,False,,,,,17.0,34.0
401907996,2026,2,2026-09-12 18:00:00+00:00,Coe,Wisconsin River Falls,False,,,,,6.0,38.0
401906995,2026,2,2026-09-12 18:00:00+00:00,Emporia State,Michigan Tech,False,,,,,34.0,20.0
401868280,2026,2,2026-09-12 18:00:00+00:00,St. Thomas (MN),Northern Michigan,False,,,,,56.0,14.0
401908268,2026,2,2026-09-12 18:00:00+00:00,Aurora,Mount St Joseph,False,,,,,21.0,49.0
401907466,2026,2,2026-09-12 18:00:00+00:00,Washington St. Louis,DePauw,False,,,,,37.0,27.0
401908790,2026,2,2026-09-12 18:00:00+00:00,Marietta,Ohio Northern,False,,,,,13.0,20.0
401868255,2026,2,2026-09-12 18:00:00+00:00,Northern Iowa,Drake,False,-11.5,59.5,-521.0,368.0,56.0,14.0
401867884,2026,2,2026-09-12 18:00:00+00:00,South Dakota,Eastern Washington,False,-15.5,61.5,-740.0,482.0,41.0,23.0
401866413,2026,2,2026-09-12 18:00:00+00:00,Ball State,Stony Brook,False,-13.5,52.5,-575.0,425.0,41.0,17.0
401907887,2026,2,2026-09-12 18:00:00+00:00,Wisconsin Whitewater,Saint Xavier,False,,,,,49.0,14.0
401906930,2026,2,2026-09-12 18:00:00+00:00,Southwest Baptist,Roosevelt,False,,,,,56.0,59.0
401908603,2026,2,2026-09-12 18:30:00+00:00,Worcester State,Plymouth State,False,,,,,28.0,6.0
401907385,2026,2,2026-09-12 18:30:00+00:00,Northwest Missouri State,Washburn,False,,,,,31.0,24.0
401907101,2026,2,2026-09-12 19:00:00+00:00,Black Hills State,Adams State,False,,,,,44.0,8.0
401906957,2026,2,2026-09-12 19:00:00+00:00,Miles,Edward Waters,False,,,,,20.0,36.0
401868112,2026,2,2026-09-12 19:00:00+00:00,Montana,Utah Tech,False,-38.5,56.5,,,35.0,14.0
401908319,2026,2,2026-09-12 19:00:00+00:00,Pacific Lutheran,Mary Hardin Baylor,False,,,,,6.0,29.0
401867953,2026,2,2026-09-12 19:00:00+00:00,Delaware State,Bowie State,False,,,,,21.0,6.0
401908509,2026,2,2026-09-12 19:00:00+00:00,Concordia (WI),Martin Luther,False,,,,,48.0,13.0
401907131,2026,2,2026-09-12 19:00:00+00:00,South Dakota Mines,Colorado Mesa,False,,,,,24.0,30.0
401856785,2026,2,2026-09-12 19:30:00+00:00,Colorado,Weber State,False,-38.5,57.5,-6500.0,2000.0,52.0,21.0
401858216,2026,2,2026-09-12 19:30:00+00:00,Syracuse,California,False,-3.5,56.5,-198.0,164.0,18.0,21.0
401856810,2026,2,2026-09-12 19:30:00+00:00,BYU,Arizona,False,-7.0,48.5,-270.0,220.0,28.0,17.0
401858444,2026,2,2026-09-12 19:30:00+00:00,UConn,Maryland,False,11.5,52.5,350.0,-455.0,14.0,38.0
401860884,2026,2,2026-09-12 19:30:00+00:00,Texas State,UTSA,False,-2.5,65.5,-135.0,114.0,26.0,31.0
401866420,2026,2,2026-09-12 19:30:00+00:00,Massachusetts,Sacred Heart,False,-23.5,53.5,-2400.0,1200.0,37.0,10.0
401858440,2026,2,2026-09-12 19:30:00+00:00,Michigan State,Eastern Michigan,False,-17.5,49.5,-900.0,600.0,35.0,7.0
401862708,2026,2,2026-09-12 19:30:00+00:00,UAB,UL Monroe,False,-9.5,53.5,-360.0,285.0,26.0,20.0
401856674,2026,2,2026-09-12 19:30:00+00:00,Kentucky,Alabama,False,8.5,46.5,285.0,-360.0,17.0,45.0
401856677,2026,2,2026-09-12 19:30:00+00:00,Minnesota,Mississippi State,False,-1.5,54.5,-110.0,-110.0,13.0,38.0
401866412,2026,2,2026-09-12 19:30:00+00:00,Akron,Robert Morris,False,-26.5,45.5,-3200.0,1400.0,45.0,10.0
401859184,2026,2,2026-09-12 19:30:00+00:00,Notre Dame,Rice,False,-44.5,54.5,,,52.0,0.0
401856790,2026,2,2026-09-12 19:30:00+00:00,Pittsburgh,UCF,False,-7.0,55.5,-298.0,240.0,12.0,7.0
401858217,2026,2,2026-09-12 19:30:00+00:00,Illinois,Duke,False,-6.5,51.5,-250.0,205.0,27.0,31.0
401858446,2026,2,2026-09-12 19:30:00+00:00,Washington,Utah State,False,-28.5,55.5,-6500.0,2000.0,16.0,14.0
401866419,2026,2,2026-09-12 19:30:00+00:00,Toledo,Central Connecticut,False,-36.5,52.5,,,63.0,10.0
401862705,2026,2,2026-09-12 19:45:00+00:00,North Texas,UNLV,False,3.0,57.5,124.0,-148.0,44.0,6.0
401909074,2026,2,2026-09-12 20:00:00+00:00,Whitworth,Eastern Oregon,False,,,,,17.0,51.0
401906683,2026,2,2026-09-12 20:00:00+00:00,Wheeling,Lake Erie,False,,,,,7.0,23.0
401907139,2026,2,2026-09-12 20:00:00+00:00,CSU Pueblo,Colorado School of Mines,False,,,,,45.0,17.0
401868326,2026,2,2026-09-12 20:00:00+00:00,Troy,Alabama State,False,-23.5,52.5,-2100.0,1100.0,34.0,17.0
401907504,2026,2,2026-09-12 20:00:00+00:00,Saint Anselm,Bentley,False,,,,,14.0,48.0
401868285,2026,2,2026-09-12 20:00:00+00:00,Bethune-Cookman,Stetson,False,-14.5,56.5,-880.0,545.0,43.0,18.0
401906186,2026,2,2026-09-12 20:00:00+00:00,Thomas,Erskine,False,,,,,3.0,62.0
401868093,2026,2,2026-09-12 20:00:00+00:00,Idaho,Lamar,False,-3.5,51.5,-175.0,139.0,17.0,23.0
401858223,2026,2,2026-09-12 20:00:00+00:00,SMU,UC Davis,False,-32.5,58.5,-4000.0,1600.0,56.0,10.0
401864506,2026,2,2026-09-12 20:00:00+00:00,Wyoming,Northern Colorado,False,-23.5,44.5,-1800.0,1000.0,21.0,13.0
401865252,2026,2,2026-09-12 20:00:00+00:00,New Mexico,Mercyhurst,False,-42.0,54.5,,,70.0,7.0
401868963,2026,2,2026-09-12 20:00:00+00:00,Mississippi Valley State,Lincoln (PA),True,,,,,31.0,20.0
401856684,2026,2,2026-09-12 20:15:00+00:00,Vanderbilt,Delaware,False,-20.5,54.5,-1350.0,800.0,35.0,26.0
401906922,2026,2,2026-09-12 21:00:00+00:00,Lane College,Allen,False,,,,,7.0,43.0
401866630,2026,2,2026-09-12 21:00:00+00:00,Maine,Merrimack,False,-10.0,47.5,-431.0,314.0,14.0,23.0
401868123,2026,2,2026-09-12 21:00:00+00:00,Northern Arizona,Incarnate Word,False,-4.5,54.5,-186.0,148.0,38.0,28.0
401908347,2026,2,2026-09-12 21:00:00+00:00,Gettysburg,Washington and Lee,False,,,,,23.0,27.0
401868061,2026,2,2026-09-12 21:00:00+00:00,Austin Peay,Morehead State,False,-36.5,62.5,,,63.0,7.0
401856672,2026,2,2026-09-12 21:30:00+00:00,Florida,Campbell,False,-51.5,66.5,,,52.0,3.0
401868171,2026,2,2026-09-12 22:00:00+00:00,The Citadel,Charleston Southern,False,-3.0,45.5,-156.0,125.0,20.0,26.0
401860881,2026,2,2026-09-12 22:00:00+00:00,Boise State,Memphis,False,-9.5,54.5,-360.0,285.0,38.0,20.0
401866629,2026,2,2026-09-12 22:00:00+00:00,Hampton,Bryant,False,3.5,51.5,133.0,-166.0,3.0,31.0
401908528,2026,2,2026-09-12 22:00:00+00:00,Eureka,Westminster (MO),False,,,,,0.0,41.0
401868141,2026,2,2026-09-12 22:00:00+00:00,Eastern Kentucky,Chattanooga,False,3.0,48.5,135.0,-169.0,22.0,17.0
401906050,2026,2,2026-09-12 22:00:00+00:00,Bluefield State,Livingstone,False,,,,,30.0,44.0
401867966,2026,2,2026-09-12 22:00:00+00:00,Morgan State,Virginia Lynchburg,False,,,,,55.0,0.0
401907251,2026,2,2026-09-12 22:00:00+00:00,Clark Atlanta,Kentucky State,False,,,,,3.0,30.0
401867983,2026,2,2026-09-12 22:00:00+00:00,South Carolina State,Virginia State,False,,,,,66.0,0.0
401868210,2026,2,2026-09-12 22:00:00+00:00,Butler,Franklin,False,,,,,52.0,0.0
401908112,2026,2,2026-09-12 22:00:00+00:00,Berry,LaGrange,False,,,,,20.0,17.0
401907698,2026,2,2026-09-12 22:00:00+00:00,Southwest Minnesota State,Northern State,False,,,,,3.0,30.0
401906911,2026,2,2026-09-12 22:00:00+00:00,Savannah State,Albany State,False,,,,,17.0,49.0
401866414,2026,2,2026-09-12 22:00:00+00:00,Florida International,Buffalo,False,-8.5,47.5,-345.0,275.0,33.0,20.0
401907863,2026,2,2026-09-12 22:00:00+00:00,Ithaca,Alfred,False,,,,,27.0,3.0
401868102,2026,2,2026-09-12 22:00:00+00:00,Idaho State,San Diego,False,-22.5,58.5,-1860.0,860.0,59.0,17.0
401907563,2026,2,2026-09-12 22:00:00+00:00,West Chester,IU Pennsylvania,False,,,,,21.0,27.0
401866631,2026,2,2026-09-12 22:00:00+00:00,New Hampshire,Stonehill,False,-13.5,43.5,-479.0,343.0,42.0,35.0
401908050,2026,2,2026-09-12 22:00:00+00:00,Southern Virginia,Averett,False,,,,,34.0,41.0
401908217,2026,2,2026-09-12 22:00:00+00:00,Bluffton,Madonna,False,,,,,18.0,27.0
401868374,2026,2,2026-09-12 22:00:00+00:00,Mercer,Furman,False,-15.5,54.5,-590.0,406.0,13.0,20.0
401866418,2026,2,2026-09-12 22:00:00+00:00,Ohio,Jacksonville State,False,-1.5,49.5,-125.0,105.0,29.0,27.0
401907853,2026,2,2026-09-12 22:00:00+00:00,Alfred State,Hilbert,False,,,,,57.0,12.0
401866421,2026,2,2026-09-12 22:30:00+00:00,Western Michigan,Monmouth,False,-28.5,54.5,,,49.0,14.0
401907538,2026,2,2026-09-12 22:35:00+00:00,East Stroudsburg,Slippery Rock,False,,,,,35.0,59.0
401868236,2026,2,2026-09-12 23:00:00+00:00,McNeese,Tarleton State,False,19.5,56.5,690.0,-1260.0,24.0,27.0
401907635,2026,2,2026-09-12 23:00:00+00:00,Minnesota State,Bemidji State,False,,,,,30.0,13.0
401908766,2026,2,2026-09-12 23:00:00+00:00,Wisconsin Lutheran,Ripon,False,,,,,25.0,24.0
401909018,2026,2,2026-09-12 23:00:00+00:00,Shenandoah,Geneva,False,,,,,48.0,14.0
401907315,2026,2,2026-09-12 23:00:00+00:00,UT Permian Basin,Western New Mexico,False,,,,,69.0,14.0
401864503,2026,2,2026-09-12 23:00:00+00:00,Northern Illinois,Illinois State,False,2.5,48.0,175.0,-210.0,24.0,28.0
401908276,2026,2,2026-09-12 23:00:00+00:00,Belhaven,East Texas Baptist,False,,,,,45.0,44.0
401908242,2026,2,2026-09-12 23:00:00+00:00,Benedictine (IL),Loras,False,,,,,28.0,25.0
401908142,2026,2,2026-09-12 23:00:00+00:00,Northwestern (MN),Central College,False,,,,,27.0,51.0
401908248,2026,2,2026-09-12 23:00:00+00:00,Dakota State University,Nebraska Wesleyan,False,,,,,52.0,0.0
401906878,2026,2,2026-09-12 23:00:00+00:00,Ashland,Grand Valley State,False,,,,,10.0,20.0
401908326,2026,2,2026-09-12 23:00:00+00:00,Oklahoma Panhandle,Schreiner,False,,,,,47.0,29.0
401906554,2026,2,2026-09-12 23:00:00+00:00,Henderson State,Oklahoma Baptist,False,,,,,66.0,9.0
401906571,2026,2,2026-09-12 23:00:00+00:00,Southeastern Oklahoma State,Ouachita Baptist,False,,,,,17.0,23.0
401906579,2026,2,2026-09-12 23:00:00+00:00,Southern Arkansas,Southern Nazarene,False,,,,,27.0,21.0
401906840,2026,2,2026-09-12 23:00:00+00:00,Kentucky Wesleyan,William Jewell,False,,,,,14.0,35.0
401872616,2026,2,2026-09-12 23:00:00+00:00,South Dakota State,New Haven,False,-42.5,54.5,,,57.0,14.0
401868246,2026,2,2026-09-12 23:00:00+00:00,Nicholls,UT Rio Grande Valley,False,5.5,50.5,184.0,-235.0,31.0,28.0
401868072,2026,2,2026-09-12 23:00:00+00:00,Central Arkansas,Central Oklahoma,False,,,,,59.0,20.0
401907220,2026,2,2026-09-12 23:00:00+00:00,Missouri S&T,Missouri Western,False,,,,,30.0,42.0
401908427,2026,2,2026-09-12 23:00:00+00:00,Texas Lutheran,Southwestern U,False,,,,,19.0,10.0
401864575,2026,2,2026-09-12 23:00:00+00:00,Tulane,South Alabama,False,-9.5,48.5,-360.0,285.0,28.0,24.0
401869955,2026,2,2026-09-12 23:00:00+00:00,Kennesaw State,Georgia State,False,-7.0,55.5,-298.0,240.0,17.0,31.0
401856787,2026,2,2026-09-12 23:00:00+00:00,Houston,Southern,False,-51.5,61.5,,,77.0,6.0
401869150,2026,2,2026-09-12 23:00:00+00:00,Houston Christian,Arkansas Baptist,False,,,,,88.0,0.0
401868355,2026,2,2026-09-12 23:00:00+00:00,Alcorn State,Arkansas-Pine Bluff,True,-8.5,49.5,-346.0,261.0,53.0,51.0
401871045,2026,2,2026-09-12 23:00:00+00:00,Marshall,Middle Tennessee,False,-12.5,55.5,-535.0,400.0,28.0,26.0
401908670,2026,2,2026-09-12 23:00:00+00:00,Otterbein,Heidelberg,False,,,,,0.0,38.0
401908567,2026,2,2026-09-12 23:00:00+00:00,Illinois College,Lyon,False,,,,,14.0,21.0
401868150,2026,2,2026-09-12 23:00:00+00:00,SE Louisiana,North Alabama,False,-6.5,51.5,-204.0,162.0,30.0,25.0
401858441,2026,2,2026-09-12 23:00:00+00:00,Nebraska,Bowling Green,False,-30.5,48.5,-9000.0,2500.0,56.0,7.0
401908434,2026,2,2026-09-12 23:00:00+00:00,Trinity (TX),McMurry,False,,,,,31.0,17.0
401856681,2026,2,2026-09-12 23:00:00+00:00,Georgia Tech,Tennessee,False,12.5,55.5,370.0,-485.0,24.0,45.0
401868241,2026,2,2026-09-12 23:00:00+00:00,Arkansas State,West Georgia,False,-31.5,56.5,-10000.0,3000.0,52.0,7.0
401860882,2026,2,2026-09-12 23:00:00+00:00,Colorado State,Southern Utah,False,-19.5,57.5,-1350.0,800.0,58.0,24.0
401862707,2026,2,2026-09-12 23:00:00+00:00,Sam Houston,Tulsa,False,12.5,51.5,380.0,-500.0,17.0,23.0
401867856,2026,2,2026-09-12 23:00:00+00:00,Eastern Illinois,Indiana State,False,3.0,49.5,124.0,-154.0,35.0,42.0
401871046,2026,2,2026-09-12 23:00:00+00:00,Missouri State,Lindenwood,False,-16.5,53.5,-850.0,575.0,48.0,14.0
401869130,2026,2,2026-09-12 23:00:00+00:00,East Texas A&M,Northwestern State,False,-20.5,53.5,-1320.0,710.0,38.0,14.0
401867890,2026,2,2026-09-12 23:00:00+00:00,Southern Illinois,Southeast Missouri State,False,-7.5,53.5,-355.0,266.0,34.0,20.0
401868195,2026,2,2026-09-12 23:00:00+00:00,Alabama A&M,Tennessee State,False,3.5,49.5,118.0,-147.0,30.0,3.0
401856680,2026,2,2026-09-12 23:00:00+00:00,South Carolina,Towson,False,-44.5,57.5,,,45.0,9.0
401867867,2026,2,2026-09-12 23:00:00+00:00,Murray State,Valparaiso,False,-14.5,47.5,-810.0,515.0,27.0,18.0
401868386,2026,2,2026-09-12 23:00:00+00:00,Tennessee Tech,Samford,False,-26.5,48.5,-5900.0,1340.0,45.0,19.0
401907427,2026,2,2026-09-12 23:00:00+00:00,Newberry,Lenoir Rhyne,False,,,,,14.0,21.0
401908387,2026,2,2026-09-12 23:00:00+00:00,Centenary (LA),Millsaps,False,,,,,0.0,57.0
401856786,2026,2,2026-09-12 23:00:00+00:00,Cincinnati,Western Carolina,False,-36.5,61.5,,,62.0,10.0
401908095,2026,2,2026-09-12 23:00:00+00:00,Guilford,Methodist,False,,,,,20.0,17.0
401908251,2026,2,2026-09-12 23:00:00+00:00,Simpson (IA),Crown,False,,,,,52.0,0.0
401907205,2026,2,2026-09-12 23:00:00+00:00,Lincoln (MO),Langston,False,,,,,14.0,19.0
401858447,2026,2,2026-09-12 23:15:00+00:00,Wisconsin,Western Illinois,False,-43.0,53.0,,,36.0,9.0
401858443,2026,2,2026-09-12 23:15:00+00:00,UCLA,San Diego State,False,-13.5,53.5,-535.0,400.0,28.0,10.0
401858219,2026,2,2026-09-12 23:30:00+00:00,Clemson,Georgia Southern,False,-19.5,54.5,-1350.0,800.0,22.0,7.0
401856788,2026,2,2026-09-12 23:30:00+00:00,Iowa,Iowa State,False,-14.0,42.5,-625.0,455.0,16.0,13.0
401856783,2026,2,2026-09-12 23:30:00+00:00,Oregon State,Texas Tech,False,25.5,52.5,1400.0,-3200.0,24.0,35.0
401856682,2026,2,2026-09-12 23:30:00+00:00,Texas,Ohio State,False,-2.5,50.5,-142.0,120.0,24.0,23.0
401867796,2026,2,2026-09-12 23:30:00+00:00,LSU,Louisiana Tech,False,-34.5,55.5,-20000.0,3500.0,45.0,14.0
401868008,2026,2,2026-09-12 23:30:00+00:00,Coastal Carolina,Fordham,False,-36.5,54.5,-100000.0,5000.0,45.0,7.0
401862703,2026,2,2026-09-12 23:30:00+00:00,Florida Atlantic,Navy,False,4.0,59.5,164.0,-198.0,38.0,30.0
401856671,2026,2,2026-09-12 23:45:00+00:00,Auburn,Southern Miss,False,-32.5,56.5,-10000.0,3000.0,43.0,8.0
401856676,2026,2,2026-09-12 23:45:00+00:00,Ole Miss,Charlotte,False,-44.5,59.5,,,41.0,9.0
401856789,2026,2,2026-09-13 00:00:00+00:00,TCU,Grambling,False,-44.5,56.5,,,63.0,7.0
401907122,2026,2,2026-09-13 00:00:00+00:00,Western Colorado,Chadron State,False,,,,,30.0,9.0
401908817,2026,2,2026-09-13 00:00:00+00:00,Concordia (MN),St. Olaf,False,,,,,51.0,0.0
401906606,2026,2,2026-09-13 00:00:00+00:00,Central Missouri,Delta State,False,,,,,59.0,10.0
401868050,2026,2,2026-09-13 00:00:00+00:00,Abilene Christian,Stephen F. Austin,False,3.0,50.5,128.0,-160.0,7.0,26.0
401908468,2026,2,2026-09-13 00:00:00+00:00,Whittier,Cetys University,False,,,,,56.0,20.0
401907152,2026,2,2026-09-13 00:00:00+00:00,Fort Lewis,New Mexico Highlands,False,,,,,31.0,28.0
401856784,2026,2,2026-09-13 00:08:00+00:00,Baylor,Prairie View A&M,False,-37.5,55.5,,,44.0,3.0
401864504,2026,2,2026-09-13 01:00:00+00:00,San José State,Cal Poly,False,-21.5,58.5,-1800.0,1000.0,30.0,20.0
401864505,2026,2,2026-09-13 01:00:00+00:00,UTEP,Texas Southern,False,-27.5,53.5,-4500.0,1700.0,51.0,10.0
401907009,2026,2,2026-09-13 01:00:00+00:00,Central Washington,Ferris State,False,,,,,14.0,28.0
401908422,2026,2,2026-09-13 02:00:00+00:00,Pacific (OR),Willamette,False,,,,,3.0,6.0
401864502,2026,2,2026-09-13 02:00:00+00:00,Air Force,North Dakota State,False,1.5,47.5,105.0,-125.0,32.0,38.0
401867876,2026,2,2026-09-13 02:00:00+00:00,Portland State,North Dakota,False,25.5,60.5,1180.0,-4000.0,23.0,47.0
401856670,2026,2,2026-09-13 02:15:00+00:00,Utah,Arkansas,False,-12.5,55.5,-500.0,380.0,43.0,10.0
401860883,2026,2,2026-09-13 02:30:00+00:00,Fresno State,Sacramento State,False,-17.5,44.5,-900.0,600.0,49.0,3.0
401864500,2026,2,2026-09-13 02:30:00+00:00,Nevada,Montana State,False,5.5,51.5,155.0,-180.0,7.0,20.0
401858445,2026,2,2026-09-13 03:00:00+00:00,USC,Louisiana,False,-30.5,58.5,-5000.0,1800.0,49.0,30.0
401864578,2026,2,2026-09-13 03:59:00+00:00,Hawai'i,New Mexico State,False,-7.5,50.5,-298.0,240.0,29.0,19.0
